{"d10": 0.28382310609877337, "d50": 0.8055363982396382, "d90": 2.7315542990921653, "d99": 4.501419529190517, "particle_count": 171, "scale_factor": 0.016666666666666666, "mask_file": "164e1550-7526-4258-b777-10604d3a3ddd_mask.npy"}