{"d10": 0.1649915822768611, "d50": 0.4716990566028302, "d90": 2.1104238647458686, "d99": 6.360031446463139, "particle_count": 275, "scale_factor": 0.016666666666666666, "mask_file": "78ac3ba7-52ab-4938-b16b-163d2d44a666_mask.npy"}