{"d10": 0.3004626062886658, "d50": 0.5441609239104837, "d90": 1.1437025642865175, "d99": 2.6870057685088806, "particle_count": 1764, "scale_factor": 0.016666666666666666, "mask_file": "50b2d8b7-515b-4031-a239-a2838121f20c_mask.npy"}