{"d10": 0.2713136766016618, "d50": 0.570087712549569, "d90": 2.880297052581749, "d99": 7.330245562053157, "particle_count": 398, "scale_factor": 0.016666666666666666, "mask_file": "8faa0a88-a277-4390-ae7d-e93d627edcbf_mask.npy"}