{"d10": 0.22669117514559073, "d50": 0.4126472801046649, "d90": 0.8069145624606803, "d99": 1.3789085861248702, "particle_count": 1498, "scale_factor": 0.016666666666666666, "mask_file": "ff6ed7d4-5af3-4235-aec3-816ca5c7a76d_mask.npy"}