{"d10": 0.18633899812498247, "d50": 0.48333333333333334, "d90": 2.3769728648009423, "d99": 6.15729016875299, "particle_count": 580, "scale_factor": 0.016666666666666666, "mask_file": "1e858f4b-859a-4b6b-b683-ed4dbbb5f347_mask.npy"}